candidate_key,wb,exposure_mode,target_median,low_pct,high_pct,user_wb,notes
c001,daylight,percentile,0.38,0.5,99.5,,defaults
c002,daylight,percentile,0.38,0.5,99.5,,defaults
c003,daylight,percentile,0.38,0.5,99.5,,defaults
c004,daylight,percentile,0.38,0.5,99.5,,defaults
c005,daylight,percentile,0.38,0.5,99.5,,defaults
c006,daylight,percentile,0.38,0.5,99.5,,defaults
c007,daylight,percentile,0.38,0.5,99.5,,defaults
c008,daylight,percentile,0.38,0.5,99.5,,defaults
c009,daylight,percentile,0.38,0.5,99.5,,defaults
c010,daylight,percentile,0.38,0.5,99.5,,defaults
c011,daylight,center-midtone,0.18,0.5,99.5,,defaults
c012,daylight,percentile,0.38,0.5,99.5,,defaults
c013,daylight,percentile,0.38,0.5,99.5,,defaults
c014,daylight,percentile,0.38,0.5,99.5,,defaults
c015,daylight,percentile,0.38,0.5,99.5,,defaults
c016,daylight,percentile,0.38,0.5,99.5,,defaults
c017,daylight,percentile,0.38,0.5,99.5,,defaults
c018,daylight,percentile,0.38,0.5,99.5,,defaults
c019,daylight,percentile,0.38,0.5,99.5,,defaults
c020,daylight,percentile,0.38,0.5,99.5,,defaults
c021,daylight,percentile,0.38,0.5,99.5,,defaults
c022,daylight,percentile,0.38,0.5,99.5,,defaults
c023,daylight,percentile,0.38,0.5,99.5,,defaults
c024,daylight,percentile,0.38,0.5,99.5,,defaults
c025,daylight,percentile,0.38,0.5,99.5,,defaults
c026,daylight,percentile,0.38,0.5,99.5,,defaults
c027,daylight,percentile,0.38,0.5,99.5,,defaults
c028,daylight,percentile,0.38,0.5,99.5,,defaults
c029,daylight,percentile,0.38,0.5,99.5,,defaults
c030,daylight,percentile,0.38,0.5,99.5,,defaults
c031,daylight,percentile,0.38,0.5,99.5,,defaults
c032,daylight,percentile,0.38,0.5,99.5,,defaults
c033,daylight,percentile,0.38,0.5,99.5,,defaults
c034,daylight,percentile,0.38,0.5,99.5,,defaults
c035,daylight,percentile,0.38,0.5,99.5,,defaults
c036,daylight,percentile,0.38,0.5,99.5,,defaults
c037,daylight,percentile,0.38,0.5,99.5,,defaults
c038,daylight,percentile,0.38,0.5,99.5,,defaults
c039,daylight,percentile,0.38,0.5,99.5,,defaults
c040,daylight,percentile,0.38,0.5,99.5,,defaults
c041,daylight,percentile,0.38,0.5,99.5,,defaults
c042,daylight,percentile,0.38,0.5,99.5,,defaults
c043,daylight,percentile,0.38,0.5,99.5,,defaults
c044,daylight,percentile,0.38,0.5,99.5,,defaults
c045,daylight,percentile,0.38,0.5,99.5,,defaults
c046,daylight,percentile,0.38,0.5,99.5,,defaults
c047,daylight,percentile,0.38,0.5,99.5,,defaults
c048,daylight,percentile,0.38,0.5,99.5,,defaults
c049,daylight,percentile,0.38,0.5,99.5,,defaults
c050,daylight,percentile,0.38,0.5,99.5,,defaults
c051,daylight,percentile,0.38,0.5,99.5,,defaults
c052,daylight,percentile,0.38,0.5,99.5,,defaults
c053,daylight,percentile,0.38,0.5,99.5,,defaults
c054,daylight,percentile,0.38,0.5,99.5,,defaults
c055,daylight,percentile,0.38,0.5,99.5,,defaults
c056,daylight,percentile,0.38,0.5,99.5,,defaults
c057,daylight,percentile,0.38,0.5,99.5,,defaults
c058,daylight,percentile,0.38,0.5,99.5,,defaults
c059,daylight,percentile,0.38,0.5,99.5,,defaults
c060,daylight,percentile,0.38,0.5,99.5,,defaults
c061,daylight,percentile,0.38,0.5,99.5,,defaults
c062,daylight,percentile,0.38,0.5,99.5,,defaults
c063,daylight,percentile,0.38,0.5,99.5,,defaults
c064,daylight,percentile,0.38,0.5,99.5,,defaults
c065,daylight,percentile,0.38,0.5,99.5,,defaults
c066,daylight,percentile,0.38,0.5,99.5,,defaults
c067,daylight,percentile,0.38,0.5,99.5,,defaults
c068,daylight,percentile,0.38,0.5,99.5,,defaults
c069,daylight,percentile,0.38,0.5,99.5,,defaults
c070,daylight,percentile,0.38,0.5,99.5,,defaults
c071,daylight,percentile,0.38,0.5,99.5,,defaults
c072,daylight,percentile,0.38,0.5,99.5,,defaults
c073,daylight,percentile,0.38,0.5,99.5,,defaults
c074,daylight,percentile,0.38,0.5,99.5,,defaults
c075,daylight,percentile,0.38,0.5,99.5,,defaults
c076,daylight,percentile,0.38,0.5,99.5,,defaults
c077,daylight,percentile,0.38,0.5,99.5,,defaults
c078,daylight,percentile,0.38,0.5,99.5,,defaults
c079,daylight,percentile,0.38,0.5,99.5,,defaults
c080,daylight,percentile,0.38,0.5,99.5,,defaults
c081,daylight,percentile,0.38,0.5,99.5,,defaults
c082,daylight,percentile,0.38,0.5,99.5,,defaults
c083,daylight,percentile,0.38,0.5,99.5,,defaults
c084,daylight,percentile,0.38,0.5,99.5,,defaults
c085,daylight,percentile,0.38,0.5,99.5,,defaults
c086,daylight,percentile,0.38,0.5,99.5,,defaults
c087,daylight,percentile,0.38,0.5,99.5,,defaults
c088,daylight,percentile,0.38,0.5,99.5,,defaults
c089,daylight,percentile,0.38,0.5,99.5,,defaults
c090,daylight,percentile,0.38,0.5,99.5,,defaults
c091,daylight,percentile,0.38,0.5,99.5,,defaults
c092,daylight,percentile,0.38,0.5,99.5,,defaults
c093,daylight,percentile,0.38,0.5,99.5,,defaults
c094,daylight,percentile,0.38,0.5,99.5,,defaults
c095,daylight,percentile,0.38,0.5,99.5,,defaults
c096,daylight,percentile,0.38,0.5,99.5,,defaults
c097,daylight,percentile,0.38,0.5,99.5,,defaults
c098,daylight,percentile,0.38,0.5,99.5,,defaults
c099,daylight,percentile,0.38,0.5,99.5,,defaults
c100,daylight,percentile,0.38,0.5,99.5,,defaults
c101,daylight,percentile,0.38,0.5,99.5,,defaults
c102,daylight,percentile,0.38,0.5,99.5,,defaults
c103,daylight,percentile,0.38,0.5,99.5,,defaults
c104,daylight,percentile,0.38,0.5,99.5,,defaults
c105,daylight,percentile,0.38,0.5,99.5,,defaults
c106,daylight,percentile,0.38,0.5,99.5,,defaults
c107,daylight,percentile,0.38,0.5,99.5,,defaults
c108,daylight,percentile,0.38,0.5,99.5,,defaults
c109,daylight,percentile,0.38,0.5,99.5,,defaults
c110,daylight,percentile,0.38,0.5,99.5,,defaults
c111,daylight,percentile,0.38,0.5,99.5,,defaults
c112,daylight,percentile,0.38,0.5,99.5,,defaults
c113,daylight,percentile,0.38,0.5,99.5,,defaults
c114,daylight,percentile,0.38,0.5,99.5,,defaults
c115,daylight,percentile,0.38,0.5,99.5,,defaults
c117,daylight,percentile,0.38,0.5,99.5,,defaults
c118,daylight,percentile,0.38,0.5,99.5,,defaults
c119,daylight,percentile,0.38,0.5,99.5,,defaults
c120,daylight,percentile,0.38,0.5,99.5,,defaults
c121,daylight,percentile,0.38,0.5,99.5,,defaults
c122,daylight,percentile,0.38,0.5,99.5,,defaults
c123,daylight,percentile,0.38,0.5,99.5,,defaults
c125,daylight,percentile,0.38,0.5,99.5,,defaults
c126,daylight,percentile,0.38,0.5,99.5,,defaults
c127,daylight,percentile,0.38,0.5,99.5,,defaults
c128,daylight,percentile,0.38,0.5,99.5,,defaults
c129,daylight,percentile,0.38,0.5,99.5,,defaults
c130,daylight,percentile,0.38,0.5,99.5,,defaults
c131,daylight,percentile,0.38,0.5,99.5,,defaults
c132,daylight,percentile,0.38,0.5,99.5,,defaults
c133,daylight,percentile,0.38,0.5,99.5,,defaults
c134,daylight,percentile,0.38,0.5,99.5,,defaults
c135,daylight,percentile,0.38,0.5,99.5,,defaults
c136,daylight,percentile,0.38,0.5,99.5,,defaults
c137,daylight,percentile,0.38,0.5,99.5,,defaults
c138,daylight,percentile,0.38,0.5,99.5,,defaults
c139,daylight,percentile,0.38,0.5,99.5,,defaults
c140,daylight,percentile,0.38,0.5,99.5,,defaults
c141,daylight,percentile,0.38,0.5,99.5,,defaults
c142,daylight,percentile,0.38,0.5,99.5,,defaults
c143,daylight,percentile,0.38,0.5,99.5,,defaults
c144,daylight,percentile,0.38,0.5,99.5,,defaults
c145,daylight,percentile,0.38,0.5,99.5,,defaults
c146,daylight,percentile,0.38,0.5,99.5,,defaults
c147,daylight,percentile,0.38,0.5,99.5,,defaults
c148,daylight,percentile,0.38,0.5,99.5,,defaults
c149,daylight,percentile,0.38,0.5,99.5,,defaults
c150,daylight,percentile,0.38,0.5,99.5,,defaults
c151,daylight,percentile,0.38,0.5,99.5,,defaults
c152,daylight,percentile,0.38,0.5,99.5,,defaults
c153,daylight,percentile,0.38,0.5,99.5,,defaults
c154,daylight,percentile,0.38,0.5,99.5,,defaults
c155,daylight,percentile,0.38,0.5,99.5,,defaults
c156,daylight,percentile,0.38,0.5,99.5,,defaults
c157,daylight,percentile,0.38,0.5,99.5,,defaults
c159,daylight,percentile,0.38,0.5,99.5,,defaults
c160,daylight,percentile,0.38,0.5,99.5,,defaults
c161,daylight,percentile,0.38,0.5,99.5,,defaults
c162,daylight,percentile,0.38,0.5,99.5,,defaults
c163,daylight,percentile,0.38,0.5,99.5,,defaults
c164,daylight,percentile,0.38,0.5,99.5,,defaults
c165,daylight,percentile,0.38,0.5,99.5,,defaults
c166,daylight,percentile,0.38,0.5,99.5,,defaults
c167,daylight,percentile,0.38,0.5,99.5,,defaults
c168,daylight,percentile,0.38,0.5,99.5,,defaults
c169,daylight,percentile,0.38,0.5,99.5,,defaults
c170,daylight,percentile,0.38,0.5,99.5,,defaults
c171,daylight,percentile,0.38,0.5,99.5,,defaults
c172,daylight,percentile,0.38,0.5,99.5,,defaults
c173,daylight,percentile,0.38,0.5,99.5,,defaults
c174,daylight,percentile,0.38,0.5,99.5,,defaults
c175,daylight,percentile,0.38,0.5,99.5,,defaults
c176,daylight,percentile,0.38,0.5,99.5,,defaults
c177,daylight,percentile,0.38,0.5,99.5,,defaults
c178,daylight,percentile,0.38,0.5,99.5,,defaults
c179,daylight,percentile,0.38,0.5,99.5,,defaults
c180,daylight,percentile,0.38,0.5,99.5,,defaults
c181,daylight,percentile,0.38,0.5,99.5,,defaults
c182,daylight,percentile,0.38,0.5,99.5,,defaults
c183,daylight,percentile,0.38,0.5,99.5,,defaults
c184,daylight,percentile,0.38,0.5,99.5,,defaults
c185,daylight,percentile,0.38,0.5,99.5,,defaults
c186,daylight,percentile,0.38,0.5,99.5,,defaults
c187,daylight,percentile,0.38,0.5,99.5,,defaults
c188,daylight,percentile,0.38,0.5,99.5,,defaults
c189,daylight,percentile,0.38,0.5,99.5,,defaults
c190,daylight,percentile,0.38,0.5,99.5,,defaults
c191,daylight,percentile,0.38,0.5,99.5,,defaults
c192,daylight,percentile,0.38,0.5,99.5,,defaults
c193,daylight,percentile,0.38,0.5,99.5,,defaults
c194,daylight,percentile,0.38,0.5,99.5,,defaults
c195,daylight,percentile,0.38,0.5,99.5,,defaults
c196,daylight,percentile,0.38,0.5,99.5,,defaults
c197,daylight,percentile,0.38,0.5,99.5,,defaults
c198,daylight,percentile,0.38,0.5,99.5,,defaults
c199,daylight,percentile,0.38,0.5,99.5,,defaults
c200,daylight,percentile,0.38,0.5,99.5,,defaults
c201,daylight,percentile,0.38,0.5,99.5,,defaults
c202,daylight,percentile,0.38,0.5,99.5,,defaults
c203,daylight,percentile,0.38,0.5,99.5,,defaults
c204,daylight,percentile,0.38,0.5,99.5,,defaults
c205,daylight,percentile,0.38,0.5,99.5,,defaults
c206,daylight,percentile,0.38,0.5,99.5,,defaults
c207,daylight,percentile,0.38,0.5,99.5,,defaults
c208,daylight,percentile,0.38,0.5,99.5,,defaults
c209,daylight,percentile,0.38,0.5,99.5,,defaults
c210,daylight,percentile,0.38,0.5,99.5,,defaults
c211,daylight,percentile,0.38,0.5,99.5,,defaults
c212,daylight,percentile,0.38,0.5,99.5,,defaults
c213,daylight,percentile,0.38,0.5,99.5,,defaults
c214,daylight,percentile,0.38,0.5,99.5,,defaults
c215,daylight,percentile,0.38,0.5,99.5,,defaults
c217,daylight,percentile,0.38,0.5,99.5,,defaults
c218,daylight,percentile,0.38,0.5,99.5,,defaults
c219,daylight,percentile,0.38,0.5,99.5,,defaults
c220,daylight,percentile,0.38,0.5,99.5,,defaults
c221,daylight,percentile,0.38,0.5,99.5,,defaults
c222,daylight,percentile,0.38,0.5,99.5,,defaults
c223,daylight,percentile,0.38,0.5,99.5,,defaults
c224,daylight,percentile,0.38,0.5,99.5,,defaults
c225,daylight,percentile,0.38,0.5,99.5,,defaults
c226,daylight,percentile,0.38,0.5,99.5,,defaults
c227,daylight,percentile,0.38,0.5,99.5,,defaults
c228,daylight,percentile,0.38,0.5,99.5,,defaults
c229,daylight,percentile,0.38,0.5,99.5,,defaults
c230,daylight,percentile,0.38,0.5,99.5,,defaults
c231,daylight,percentile,0.38,0.5,99.5,,defaults
c232,daylight,percentile,0.38,0.5,99.5,,defaults
c233,daylight,percentile,0.38,0.5,99.5,,defaults
c234,daylight,percentile,0.38,0.5,99.5,,defaults
c235,daylight,percentile,0.38,0.5,99.5,,defaults
c236,daylight,percentile,0.38,0.5,99.5,,defaults
c237,daylight,percentile,0.38,0.5,99.5,,defaults
c239,daylight,percentile,0.38,0.5,99.5,,defaults
c240,daylight,percentile,0.38,0.5,99.5,,defaults
c241,daylight,percentile,0.38,0.5,99.5,,defaults
c242,daylight,percentile,0.38,0.5,99.5,,defaults
c243,daylight,percentile,0.38,0.5,99.5,,defaults
c244,daylight,percentile,0.38,0.5,99.5,,defaults
c245,daylight,percentile,0.38,0.5,99.5,,defaults
c246,daylight,percentile,0.38,0.5,99.5,,defaults
c247,daylight,percentile,0.38,0.5,99.5,,defaults
c248,daylight,percentile,0.38,0.5,99.5,,defaults
c249,daylight,percentile,0.38,0.5,99.5,,defaults
c250,daylight,percentile,0.38,0.5,99.5,,defaults
c251,daylight,percentile,0.38,0.5,99.5,,defaults
c252,daylight,percentile,0.38,0.5,99.5,,defaults
c253,daylight,percentile,0.38,0.5,99.5,,defaults
c254,daylight,percentile,0.38,0.5,99.5,,defaults
c255,daylight,percentile,0.38,0.5,99.5,,defaults
c256,daylight,percentile,0.38,0.5,99.5,,defaults
c257,daylight,percentile,0.38,0.5,99.5,,defaults
c258,daylight,percentile,0.38,0.5,99.5,,defaults
c259,daylight,percentile,0.38,0.5,99.5,,defaults
c260,daylight,percentile,0.38,0.5,99.5,,defaults
c261,daylight,percentile,0.38,0.5,99.5,,defaults
c262,daylight,percentile,0.38,0.5,99.5,,defaults
c263,daylight,percentile,0.38,0.5,99.5,,defaults
c264,daylight,percentile,0.38,0.5,99.5,,defaults
c265,daylight,percentile,0.38,0.5,99.5,,defaults
c266,daylight,percentile,0.38,0.5,99.5,,defaults
c267,daylight,percentile,0.38,0.5,99.5,,defaults
c268,daylight,percentile,0.38,0.5,99.5,,defaults
c269,daylight,percentile,0.38,0.5,99.5,,defaults
c270,daylight,percentile,0.38,0.5,99.5,,defaults
c271,daylight,percentile,0.38,0.5,99.5,,defaults
c272,daylight,percentile,0.38,0.5,99.5,,defaults
c273,daylight,percentile,0.38,0.5,99.5,,defaults
c274,daylight,percentile,0.38,0.5,99.5,,defaults
c275,daylight,percentile,0.38,0.5,99.5,,defaults
c276,daylight,percentile,0.38,0.5,99.5,,defaults
c277,daylight,percentile,0.38,0.5,99.5,,defaults
c278,daylight,percentile,0.38,0.5,99.5,,defaults
c279,daylight,percentile,0.38,0.5,99.5,,defaults
c280,daylight,percentile,0.38,0.5,99.5,,defaults
c281,daylight,percentile,0.38,0.5,99.5,,defaults
c282,daylight,percentile,0.38,0.5,99.5,,defaults
c283,daylight,percentile,0.38,0.5,99.5,,defaults
c284,daylight,percentile,0.38,0.5,99.5,,defaults
c285,daylight,percentile,0.38,0.5,99.5,,defaults
c286,daylight,percentile,0.38,0.5,99.5,,defaults
c287,daylight,percentile,0.38,0.5,99.5,,defaults
c288,daylight,percentile,0.38,0.5,99.5,,defaults
c289,daylight,percentile,0.38,0.5,99.5,,defaults
c290,daylight,percentile,0.38,0.5,99.5,,defaults
c291,daylight,percentile,0.38,0.5,99.5,,defaults
c292,daylight,percentile,0.38,0.5,99.5,,defaults
c293,daylight,percentile,0.38,0.5,99.5,,defaults
c294,daylight,percentile,0.38,0.5,99.5,,defaults
c295,daylight,percentile,0.38,0.5,99.5,,defaults
c296,daylight,percentile,0.38,0.5,99.5,,defaults
c297,daylight,percentile,0.38,0.5,99.5,,defaults
c298,daylight,percentile,0.38,0.5,99.5,,defaults
c299,daylight,percentile,0.38,0.5,99.5,,defaults
c300,daylight,percentile,0.38,0.5,99.5,,defaults
c301,daylight,percentile,0.38,0.5,99.5,,defaults
c302,daylight,percentile,0.38,0.5,99.5,,defaults
c303,daylight,percentile,0.38,0.5,99.5,,defaults
c304,daylight,percentile,0.38,0.5,99.5,,defaults
c305,daylight,percentile,0.38,0.5,99.5,,defaults
c306,daylight,percentile,0.38,0.5,99.5,,defaults
c307,daylight,percentile,0.38,0.5,99.5,,defaults
c308,daylight,percentile,0.38,0.5,99.5,,defaults
c309,daylight,percentile,0.38,0.5,99.5,,defaults
c310,daylight,percentile,0.38,0.5,99.5,,defaults
c311,daylight,percentile,0.38,0.5,99.5,,defaults
c312,daylight,percentile,0.38,0.5,99.5,,defaults
c313,daylight,percentile,0.38,0.5,99.5,,defaults
c314,daylight,percentile,0.38,0.5,99.5,,defaults
c315,daylight,percentile,0.38,0.5,99.5,,defaults
c316,daylight,percentile,0.38,0.5,99.5,,defaults
c317,daylight,percentile,0.38,0.5,99.5,,defaults
c318,daylight,percentile,0.38,0.5,99.5,,defaults
c319,daylight,percentile,0.38,0.5,99.5,,defaults
c320,daylight,percentile,0.38,0.5,99.5,,defaults
c321,daylight,percentile,0.38,0.5,99.5,,defaults
c322,daylight,percentile,0.38,0.5,99.5,,defaults
c323,daylight,percentile,0.38,0.5,99.5,,defaults
c324,daylight,percentile,0.38,0.5,99.5,,defaults
c325,daylight,percentile,0.38,0.5,99.5,,defaults